Name,Region,state,summit_elev,vertical_drop,base_elev,trams,fastEight,fastSixes,fastQuads,quad,triple,double,surface,total_chairs,Runs,TerrainParks,LongestRun_mi,SkiableTerrain_ac,Snow Making_ac,daysOpenLastYear,yearsOpen,averageSnowfall,AdultWeekday,AdultWeekend,projectedDaysOpen,NightSkiing_ac
Alyeska Resort,Alaska,Alaska,3939.0,2500.0,250.0,1.0,0.0,0.0,2.0,2.0,0.0,0.0,2.0,7.0,76.0,2.0,1.0,1610.0,113.0,150.0,60.0,Alaska,65.0,85.0,150.0,550.0
Eaglecrest Ski Area,Alaska,Alaska,2600.0,1540.0,1200.0,0.0,0.0,0.0,0.0,0.0,0.0,4.0,0.0,4.0,36.0,1.0,2.0,640.0,60.0,45.0,44.0,Alaska,47.0,53.0,90.0,0.0
Hilltop Ski Area,Alaska,Alaska,2090.0,294.0,1796.0,0.0,0.0,0.0,0.0,0.0,1.0,0.0,2.0,3.0,13.0,1.0,1.0,30.0,30.0,150.0,36.0,Alaska,30.0,34.0,152.0,30.0
Arizona Snowbowl,Arizona,Arizona,11500.0,2300.0,9200.0,0.0,0.0,1.0,0.0,2.0,2.0,1.0,2.0,8.0,55.0,4.0,2.0,777.0,104.0,122.0,81.0,Arizona,89.0,89.0,122.0,0.0
Sunrise Park Resort,Arizona,Arizona,11100.0,1800.0,9200.0,0.0,0.0,0.0,1.0,2.0,3.0,1.0,0.0,7.0,65.0,2.0,1.2,800.0,80.0,115.0,49.0,Arizona,74.0,78.0,104.0,80.0
Yosemite Ski & Snowboard Area,Northern California,California,7800.0,600.0,7200.0,0.0,0.0,0.0,0.0,0.0,1.0,3.0,1.0,5.0,10.0,2.0,0.4,88.0,0.0,110.0,84.0,Northern California,47.0,47.0,107.0,0.0
Bear Mountain,Sierra Nevada,California,8805.0,1665.0,7140.0,0.0,0.0,0.0,2.0,1.0,2.0,3.0,4.0,12.0,27.0,14.0,1.5,198.0,198.0,122.0,76.0,Sierra Nevada,57.91695652173913,64.1668100358423,130.0,0.0
Bear Valley,Sierra Nevada,California,8500.0,1900.0,6600.0,0.0,0.0,1.0,1.0,0.0,2.0,4.0,2.0,10.0,67.0,2.0,1.2,1680.0,100.0,165.0,52.0,Sierra Nevada,57.91695652173913,64.1668100358423,151.0,0.0
Boreal Mountain Resort,Sierra Nevada,California,7700.0,500.0,7200.0,0.0,0.0,0.0,1.0,1.0,3.0,1.0,2.0,8.0,33.0,6.0,1.0,380.0,200.0,150.0,54.0,Sierra Nevada,49.0,64.1668100358423,150.0,200.0
Dodge Ridge,Sierra Nevada,California,8200.0,1600.0,6600.0,0.0,0.0,0.0,0.0,1.0,2.0,5.0,4.0,12.0,67.0,5.0,2.0,862.0,0.0,140.0,69.0,Sierra Nevada,78.0,78.0,140.0,0.0
Donner Ski Ranch,Sierra Nevada,California,8012.0,750.0,7031.0,0.0,0.0,0.0,0.0,0.0,1.0,5.0,2.0,8.0,52.0,2.0,1.5,505.0,60.0,163.0,82.0,Sierra Nevada,75.0,75.0,170.0,0.0
Heavenly Mountain Resort,Sierra Nevada,California,10067.0,3500.0,7170.0,2.0,0.0,2.0,7.0,1.0,5.0,3.0,8.0,28.0,97.0,3.0,5.5,4800.0,3379.0,155.0,64.0,Sierra Nevada,57.91695652173913,64.1668100358423,157.0,0.0
June Mountain,Sierra Nevada,California,10090.0,2590.0,7545.0,0.0,0.0,0.0,2.0,0.0,0.0,4.0,1.0,7.0,41.0,2.0,2.0,1500.0,0.0,128.0,58.0,Sierra Nevada,57.91695652173913,64.1668100358423,128.0,0.0
Kirkwood,Sierra Nevada,California,9800.0,2000.0,7800.0,0.0,0.0,0.0,2.0,1.0,5.0,1.0,3.0,12.0,85.0,2.0,2.5,2300.0,200.0,200.0,47.0,Sierra Nevada,57.91695652173913,64.1668100358423,167.0,0.0
Mammoth Mountain Ski Area,Sierra Nevada,California,11053.0,3100.0,7953.0,3.0,0.0,2.0,9.0,1.0,6.0,4.0,0.0,25.0,154.0,7.0,3.0,3500.0,700.0,243.0,66.0,Sierra Nevada,149.0,159.0,243.0,0.0
Mt. Shasta Ski Park,Sierra Nevada,California,6890.0,1435.0,5500.0,0.0,0.0,0.0,0.0,0.0,3.0,0.0,1.0,4.0,32.0,2.0,1.1,425.0,225.0,140.0,34.0,Sierra Nevada,49.0,59.0,130.0,0.0
Mountain High,Sierra Nevada,California,8200.0,1600.0,6600.0,0.0,0.0,0.0,2.0,2.0,2.0,5.0,3.0,14.0,59.0,1.0,1.6,290.0,275.0,118.0,95.0,Sierra Nevada,84.0,84.0,150.0,73.0
Mt. Baldy,Sierra Nevada,California,8600.0,2100.0,6500.0,0.0,0.0,0.0,0.0,0.0,0.0,4.0,0.0,4.0,26.0,0.0,2.5,400.0,80.0,175.0,67.0,Sierra Nevada,69.0,69.0,200.0,0.0
Northstar California,Sierra Nevada,California,8610.0,2280.0,6330.0,2.0,0.0,1.0,7.0,1.0,2.0,0.0,7.0,20.0,100.0,9.0,1.4,3170.0,1500.0,135.0,47.0,Sierra Nevada,57.91695652173913,64.1668100358423,150.0,0.0
Sierra-at-Tahoe,Sierra Nevada,California,8852.0,2212.0,6640.0,0.0,0.0,0.0,3.0,0.0,1.0,5.0,5.0,14.0,46.0,6.0,2.5,2000.0,200.0,160.0,73.0,Sierra Nevada,99.0,64.1668100358423,144.0,0.0
Ski China Peak,Sierra Nevada,California,8709.0,1679.0,7030.0,0.0,0.0,0.0,0.0,1.0,4.0,2.0,4.0,11.0,45.0,1.0,2.2,1400.0,150.0,140.0,62.0,Sierra Nevada,83.0,83.0,144.0,0.0
Snow Summit,Sierra Nevada,California,8200.0,1200.0,7000.0,0.0,0.0,0.0,2.0,0.0,4.0,5.0,5.0,16.0,27.0,6.0,1.2,240.0,240.0,130.0,67.0,Sierra Nevada,57.91695652173913,64.1668100358423,130.0,150.0
Snow Valley,Sierra Nevada,California,7841.0,1041.0,6800.0,0.0,0.0,0.0,0.0,0.0,5.0,6.0,1.0,12.0,28.0,6.0,1.2,240.0,188.0,111.0,82.0,Sierra Nevada,69.0,79.0,143.0,164.0
Soda Springs,Sierra Nevada,California,7352.0,652.0,6700.0,0.0,0.0,0.0,0.0,0.0,1.0,1.0,2.0,4.0,18.0,0.0,0.4,200.0,20.0,150.0,83.0,Sierra Nevada,50.0,50.0,144.0,0.0
Sugar Bowl Resort,Sierra Nevada,California,8383.0,1500.0,6883.0,1.0,0.0,0.0,5.0,3.0,1.0,0.0,2.0,12.0,105.0,3.0,3.0,1650.0,375.0,151.0,80.0,Sierra Nevada,125.0,125.0,150.0,0.0
Tahoe Donner,Sierra Nevada,California,7350.0,600.0,6750.0,0.0,0.0,0.0,0.0,1.0,1.0,0.0,3.0,5.0,14.0,2.0,1.0,120.0,0.0,150.0,48.0,Sierra Nevada,69.0,69.0,144.0,0.0
Arapahoe Basin Ski Area,Colorado,Colorado,13050.0,2530.0,10780.0,0.0,0.0,0.0,1.0,2.0,1.0,2.0,3.0,9.0,145.0,3.0,1.5,1428.0,125.0,230.0,73.0,Colorado,85.0,85.0,233.0,0.0
Aspen / Snowmass,Colorado,Colorado,12510.0,4406.0,8104.0,3.0,0.0,1.0,15.0,4.0,3.0,5.0,9.0,40.0,336.0,10.0,5.3,5517.0,658.0,138.0,72.0,Colorado,179.0,179.0,138.0,0.0
Beaver Creek,Colorado,Colorado,11440.0,3340.0,8100.0,2.0,0.0,0.0,11.0,0.0,1.0,1.0,9.0,24.0,150.0,3.0,2.8,1832.0,650.0,145.0,39.0,Colorado,57.91695652173913,64.1668100358423,138.0,0.0
Breckenridge,Colorado,Colorado,12998.0,3398.0,9600.0,1.0,0.0,5.0,6.0,0.0,1.0,6.0,15.0,34.0,187.0,4.0,3.5,2908.0,600.0,182.0,58.0,Colorado,57.91695652173913,64.1668100358423,163.0,0.0
Copper Mountain Resort,Colorado,Colorado,12313.0,2738.0,9712.0,1.0,0.0,2.0,4.0,0.0,4.0,4.0,9.0,24.0,150.0,6.0,1.7,2527.0,364.0,164.0,47.0,Colorado,158.0,158.0,164.0,0.0
Crested Butte Mountain Resort,Colorado,Colorado,12162.0,3062.0,9375.0,0.0,0.0,0.0,4.0,2.0,2.0,1.0,5.0,14.0,121.0,4.0,2.6,1547.0,297.0,145.0,58.0,Colorado,57.91695652173913,64.1668100358423,131.0,0.0
Purgatory,Colorado,Colorado,10822.0,2029.0,8793.0,0.0,0.0,1.0,2.0,0.0,3.0,3.0,3.0,12.0,101.0,9.0,1.3,1605.0,250.0,130.0,54.0,Colorado,89.0,89.0,130.0,0.0
Eldora Mountain Resort,Colorado,Colorado,10600.0,1400.0,9200.0,0.0,0.0,1.0,0.0,2.0,1.0,3.0,3.0,10.0,65.0,8.0,3.0,680.0,680.0,147.0,57.0,Colorado,57.91695652173913,64.1668100358423,150.0,0.0
Howelsen Hill,Colorado,Colorado,7136.0,440.0,6696.0,0.0,0.0,0.0,0.0,0.0,0.0,1.0,3.0,4.0,17.0,1.0,6.0,50.0,25.0,100.0,104.0,Colorado,25.0,25.0,100.0,10.0
Keystone,Colorado,Colorado,12408.0,3128.0,9280.0,2.0,0.0,2.0,4.0,1.0,1.0,2.0,8.0,20.0,128.0,1.0,3.5,3148.0,662.0,184.0,49.0,Colorado,57.91695652173913,64.1668100358423,184.0,288.0
Loveland,Colorado,Colorado,13010.0,2210.0,10800.0,0.0,0.0,0.0,1.0,3.0,3.0,2.0,1.0,10.0,94.0,1.0,2.0,1800.0,240.0,205.0,82.0,Colorado,79.0,79.0,184.0,0.0
Monarch Mountain,Colorado,Colorado,11952.0,1162.0,10790.0,0.0,0.0,0.0,0.0,1.0,0.0,4.0,2.0,7.0,64.0,2.0,1.0,800.0,0.0,143.0,80.0,Colorado,89.0,89.0,136.0,0.0
Powderhorn,Colorado,Colorado,9850.0,1650.0,8200.0,0.0,0.0,0.0,1.0,0.0,0.0,2.0,2.0,5.0,42.0,2.0,1.5,1600.0,42.0,111.0,53.0,Colorado,71.0,71.0,110.0,0.0
Silverton Mountain,Colorado,Colorado,13487.0,3087.0,10400.0,0.0,0.0,0.0,0.0,0.0,0.0,1.0,0.0,1.0,34.0,0.0,1.5,26819.0,0.0,175.0,17.0,Colorado,79.0,79.0,181.0,0.0
Cooper,Colorado,Colorado,11700.0,1200.0,10500.0,0.0,0.0,0.0,0.0,0.0,1.0,1.0,2.0,4.0,41.0,1.0,1.0,400.0,0.0,130.0,74.0,Colorado,56.0,56.0,130.0,0.0
Ski Granby Ranch,Colorado,Colorado,9202.0,1000.0,8202.0,0.0,0.0,0.0,2.0,0.0,1.0,1.0,1.0,5.0,40.0,1.0,0.6,406.0,170.0,116.0,36.0,Colorado,84.0,84.0,92.0,100.0
Steamboat,Colorado,Colorado,10568.0,3668.0,6900.0,1.0,0.0,1.0,6.0,0.0,5.0,2.0,3.0,18.0,169.0,4.0,3.0,2965.0,375.0,145.0,56.0,Colorado,57.91695652173913,64.1668100358423,145.0,30.0
Sunlight Mountain Resort,Colorado,Colorado,9895.0,2010.0,7885.0,0.0,0.0,0.0,0.0,0.0,1.0,2.0,0.0,3.0,67.0,1.0,2.5,680.0,30.0,100.0,53.0,Colorado,65.0,65.0,135.0,0.0
Telluride,Colorado,Colorado,13150.0,4425.0,8725.0,2.0,0.0,0.0,6.0,1.0,2.0,2.0,4.0,17.0,148.0,3.0,4.6,2000.0,220.0,131.0,47.0,Colorado,139.0,139.0,137.0,0.0
Vail,Colorado,Colorado,11570.0,3450.0,8120.0,2.0,0.0,3.0,15.0,1.0,1.0,0.0,9.0,31.0,195.0,3.0,4.0,5289.0,461.0,149.0,57.0,Colorado,57.91695652173913,64.1668100358423,142.0,0.0
Winter Park Resort,Colorado,Colorado,12060.0,3060.0,9000.0,1.0,0.0,2.0,7.0,0.0,4.0,6.0,5.0,25.0,166.0,7.0,4.9,3081.0,313.0,158.0,79.0,Colorado,57.91695652173913,64.1668100358423,151.0,0.0
Wolf Creek Ski Area,Colorado,Colorado,11904.0,1604.0,10300.0,0.0,0.0,0.0,3.0,1.0,2.0,1.0,3.0,10.0,120.0,0.0,2.0,1600.0,5.0,130.0,80.0,Colorado,72.0,72.0,150.0,0.0
Mohawk Mountain,Connecticut,Connecticut,1600.0,650.0,950.0,0.0,0.0,0.0,0.0,0.0,5.0,0.0,3.0,8.0,25.0,0.0,1.5,107.0,100.0,110.0,72.0,Connecticut,30.0,65.0,110.0,64.0
Mount Southington Ski Area,Connecticut,Connecticut,525.0,425.0,100.0,0.0,0.0,0.0,0.0,0.0,2.0,2.0,3.0,7.0,14.0,2.0,0.3,51.0,51.0,63.0,55.0,Connecticut,60.0,60.0,95.0,51.0
Powder Ridge Park,Connecticut,Connecticut,720.0,550.0,170.0,0.0,0.0,0.0,0.0,0.0,1.0,2.0,2.0,5.0,19.0,4.0,0.5,80.0,68.0,80.0,60.0,Connecticut,45.0,55.0,100.0,40.0
Ski Sundown,Connecticut,Connecticut,1075.0,625.0,450.0,0.0,0.0,0.0,0.0,0.0,3.0,0.0,2.0,5.0,16.0,2.0,1.0,70.0,70.0,84.0,50.0,Connecticut,62.0,62.0,95.0,66.0
Woodbury Ski Area,Connecticut,Connecticut,730.0,300.0,430.0,0.0,0.0,0.0,0.0,0.0,0.0,1.0,4.0,5.0,12.0,2.0,0.2,50.0,50.0,126.0,57.0,Connecticut,42.0,42.0,180.0,35.0
Bogus Basin,Idaho,Idaho,7582.0,1800.0,5800.0,0.0,0.0,0.0,3.0,0.0,1.0,3.0,4.0,11.0,91.0,3.0,1.5,2600.0,0.0,134.0,77.0,Idaho,64.0,64.0,130.0,165.0
Brundage Mountain Resort,Idaho,Idaho,7640.0,1800.0,5840.0,0.0,0.0,0.0,1.0,0.0,4.0,0.0,1.0,6.0,51.0,2.0,3.2,1920.0,2.0,126.0,58.0,Idaho,70.0,70.0,126.0,0.0
Kelly Canyon Ski Area,Idaho,Idaho,6600.0,1000.0,5600.0,0.0,0.0,0.0,0.0,0.0,0.0,4.0,2.0,6.0,51.0,1.0,1.3,740.0,0.0,114.7324414715719,62.0,Idaho,57.91695652173913,42.0,120.26086956521739,0.0
Lookout Pass Ski Area,Idaho,Idaho,5650.0,1150.0,4500.0,0.0,0.0,0.0,0.0,0.0,1.0,3.0,0.0,4.0,35.0,2.0,1.5,540.0,0.0,113.0,84.0,Idaho,44.0,47.0,140.0,0.0
Magic Mountain Ski Area,Idaho,Idaho,7200.0,700.0,6500.0,0.0,0.0,0.0,0.0,0.0,0.0,1.0,2.0,3.0,11.0,0.0,1.5,280.0,0.0,65.0,81.0,Idaho,32.0,32.0,70.0,0.0
Pebble Creek Ski Area,Idaho,Idaho,8560.0,2200.0,6360.0,0.0,0.0,0.0,0.0,0.0,3.0,0.0,0.0,3.0,54.0,2.0,1.3,1100.0,30.0,85.0,70.0,Idaho,47.0,47.0,91.0,30.0
Pomerelle Mountain Resort,Idaho,Idaho,9000.0,1000.0,8000.0,0.0,0.0,0.0,0.0,0.0,1.0,1.0,1.0,3.0,24.0,2.0,1.5,500.0,50.0,138.0,56.0,Idaho,57.91695652173913,64.1668100358423,138.0,100.0
Schweitzer,Idaho,Idaho,6400.0,2400.0,4000.0,0.0,0.0,1.0,2.0,0.0,1.0,3.0,2.0,9.0,92.0,3.0,2.1,2900.0,47.0,136.0,56.0,Idaho,81.0,81.0,136.0,100.0
Silver Mountain,Idaho,Idaho,6300.0,2200.0,4100.0,1.0,0.0,0.0,0.0,1.0,2.0,2.0,1.0,7.0,80.0,2.0,2.5,1600.0,225.0,130.0,29.0,Idaho,57.0,62.0,193.0,20.0
Soldier Mountain Ski Area,Idaho,Idaho,7200.0,1400.0,5800.0,0.0,0.0,0.0,0.0,0.0,0.0,2.0,1.0,3.0,36.0,0.0,0.4,1142.0,0.0,60.0,71.0,Idaho,43.0,43.0,60.0,0.0
Sun Valley,Idaho,Idaho,9150.0,3400.0,5750.0,1.0,0.0,0.0,9.0,0.0,3.0,2.0,3.0,18.0,120.0,7.0,3.0,2054.0,645.0,149.0,83.0,Idaho,57.91695652173913,64.1668100358423,137.0,0.0
Tamarack Resort,Idaho,Idaho,7700.0,2800.0,4900.0,0.0,0.0,0.0,2.0,2.0,0.0,0.0,2.0,6.0,48.0,3.0,1.5,1020.0,200.0,150.0,15.0,Idaho,71.0,71.0,150.0,0.0
Chestnut Mountain Resort,Illinois,Illinois,1040.0,475.0,565.0,0.0,0.0,0.0,0.0,2.0,4.0,0.0,3.0,9.0,22.0,3.0,0.2,139.0,139.0,87.0,60.0,Illinois,40.0,55.0,112.0,139.0
Four Lakes,Illinois,Illinois,500.0,100.0,400.0,0.0,0.0,0.0,0.0,0.0,0.0,0.0,7.0,7.0,7.0,1.0,0.1,9.0,9.0,78.0,58.0,Illinois,57.91695652173913,64.1668100358423,70.0,9.0
Ski Snowstar Winter Sports Park,Illinois,Illinois,790.0,262.0,528.0,0.0,0.0,0.0,0.0,2.0,0.0,2.0,2.0,6.0,15.0,1.0,0.8,28.0,28.0,56.0,38.0,Illinois,25.0,35.0,86.0,28.0
Villa Olivia,Illinois,Illinois,500.0,180.0,320.0,0.0,0.0,0.0,0.0,1.0,0.0,0.0,6.0,7.0,7.0,1.0,0.1,15.0,15.0,70.0,53.0,Illinois,40.0,40.0,70.0,15.0
Paoli Peaks,Indiana,Indiana,900.0,300.0,600.0,0.0,0.0,0.0,1.0,1.0,3.0,1.0,2.0,8.0,15.0,2.0,0.4,65.0,65.0,75.0,41.0,Indiana,38.0,45.0,80.0,65.0
Perfect North Slopes,Indiana,Indiana,800.0,400.0,400.0,0.0,0.0,0.0,0.0,2.0,3.0,0.0,6.0,11.0,23.0,2.0,1.0,100.0,100.0,82.0,39.0,Indiana,52.0,52.0,90.0,100.0
Mt. Crescent Ski Area,Iowa,Iowa,1500.0,300.0,1200.0,0.0,0.0,0.0,0.0,1.0,0.0,1.0,0.0,2.0,11.0,1.0,0.2,50.0,50.0,114.7324414715719,58.0,Iowa,29.0,39.0,120.26086956521739,50.0
Seven Oaks,Iowa,Iowa,975.0,275.0,800.0,0.0,0.0,0.0,0.0,0.0,2.0,0.0,2.0,4.0,11.0,2.0,1.0,35.0,35.0,100.0,22.0,Iowa,40.0,40.0,100.0,35.0
Sundown Mountain,Iowa,Iowa,1059.0,475.0,584.0,0.0,0.0,0.0,0.0,1.0,1.0,2.0,2.0,6.0,21.0,2.0,0.6,55.0,55.0,114.7324414715719,46.0,Iowa,38.0,46.0,120.26086956521739,55.0
Camden Snow Bowl,Maine,Maine,1080.0,850.0,150.0,0.0,0.0,0.0,0.0,0.0,1.0,1.0,1.0,3.0,26.0,2.0,1.0,100.0,48.0,68.0,83.0,Maine,33.0,43.0,70.0,48.0
Lost Valley,Maine,Maine,495.0,240.0,255.0,0.0,0.0,0.0,0.0,0.0,0.0,2.0,2.0,4.0,22.0,2.0,0.3,45.0,45.0,87.0,58.0,Maine,29.0,55.0,104.0,45.0
Mt. Abram Ski Resort,Maine,Maine,2250.0,1150.0,1050.0,0.0,0.0,0.0,0.0,0.0,0.0,2.0,3.0,5.0,54.0,1.0,0.5,640.0,175.0,120.0,59.0,Maine,29.0,49.0,120.0,0.0
Mt. Jefferson,Maine,Maine,753.0,432.0,351.0,0.0,0.0,0.0,0.0,0.0,0.0,0.0,3.0,3.0,10.0,0.0,0.3,12.0,0.0,114.7324414715719,19.0,Maine,57.91695652173913,64.1668100358423,120.26086956521739,0.0
New Hermon Mountain,Maine,Maine,450.0,350.0,100.0,0.0,0.0,0.0,0.0,0.0,0.0,1.0,2.0,3.0,20.0,0.0,1.9,70.0,70.0,102.0,55.0,Maine,32.0,32.0,117.0,45.0
Shawnee Peak,Maine,Maine,1900.0,1350.0,600.0,0.0,0.0,0.0,0.0,1.0,2.0,1.0,2.0,6.0,43.0,3.0,0.8,239.0,234.0,97.0,81.0,Maine,55.0,75.0,103.0,110.0
Sugarloaf,Maine,Maine,4237.0,2820.0,1417.0,0.0,0.0,0.0,2.0,3.0,1.0,5.0,2.0,13.0,162.0,4.0,3.5,1240.0,618.0,159.0,68.0,Maine,99.0,99.0,155.0,0.0
Sunday River,Maine,Maine,3140.0,2340.0,800.0,1.0,0.0,0.0,4.0,5.0,3.0,1.0,1.0,15.0,135.0,5.0,3.0,870.0,552.0,165.0,60.0,Maine,105.0,105.0,169.0,140.0
Wisp,Maryland,Maryland,3115.0,700.0,2415.0,0.0,0.0,0.0,0.0,2.0,5.0,0.0,5.0,12.0,34.0,3.0,1.5,172.0,118.0,121.0,64.0,Maryland,59.0,79.0,120.0,118.0
Berkshire East,Massachusetts,Massachusetts,1720.0,1180.0,540.0,0.0,0.0,0.0,0.0,2.0,1.0,1.0,2.0,6.0,47.0,2.0,2.0,180.0,165.0,120.0,68.0,Massachusetts,48.0,68.0,120.0,80.0
Blandford Ski Area,Massachusetts,Massachusetts,1685.0,465.0,1035.0,0.0,0.0,0.0,0.0,0.0,0.0,3.0,2.0,5.0,29.0,2.0,0.5,132.0,70.0,114.7324414715719,83.0,Massachusetts,20.0,45.0,120.26086956521739,70.0
Blue Hills Ski Area,Massachusetts,Massachusetts,635.0,309.0,326.0,0.0,0.0,0.0,0.0,0.0,0.0,1.0,3.0,4.0,16.0,1.0,1.0,60.0,60.0,114.7324414715719,19.0,Massachusetts,40.0,45.0,120.26086956521739,0.0
Bousquet Ski Area,Massachusetts,Massachusetts,1875.0,750.0,1125.0,0.0,0.0,0.0,0.0,0.0,0.0,3.0,2.0,5.0,23.0,1.0,1.0,200.0,98.0,114.7324414715719,19.0,Massachusetts,25.0,49.0,120.26086956521739,100.0
Bradford Ski Area,Massachusetts,Massachusetts,1548.0,248.0,1300.0,0.0,0.0,0.0,0.0,0.0,2.0,0.0,8.0,10.0,15.0,1.0,0.3,48.0,48.0,114.7324414715719,71.0,Massachusetts,37.0,55.0,120.26086956521739,0.0
Jiminy Peak,Massachusetts,Massachusetts,2380.0,1150.0,1230.0,0.0,0.0,1.0,0.0,2.0,3.0,1.0,2.0,9.0,45.0,3.0,2.0,167.0,163.0,121.0,71.0,Massachusetts,81.0,81.0,120.0,104.0
Nashoba Valley,Massachusetts,Massachusetts,440.0,240.0,200.0,0.0,0.0,0.0,0.0,0.0,3.0,1.0,7.0,11.0,17.0,2.0,0.5,52.0,52.0,112.0,55.0,Massachusetts,48.0,58.0,126.0,52.0
Otis Ridge Ski Area,Massachusetts,Massachusetts,1700.0,400.0,1300.0,0.0,0.0,0.0,0.0,0.0,0.0,1.0,3.0,4.0,11.0,1.0,1.0,60.0,55.0,106.0,73.0,Massachusetts,20.0,40.0,106.0,35.0
Ski Butternut,Massachusetts,Massachusetts,1800.0,1000.0,800.0,0.0,0.0,0.0,0.0,3.0,1.0,1.0,6.0,11.0,22.0,2.0,1.5,110.0,110.0,107.0,56.0,Massachusetts,25.0,60.0,110.0,0.0
Ski Ward,Massachusetts,Massachusetts,420.0,210.0,210.0,0.0,0.0,0.0,0.0,0.0,1.0,0.0,3.0,4.0,11.0,1.0,0.2,45.0,45.0,105.0,50.0,Massachusetts,57.91695652173913,64.1668100358423,120.0,38.0
Wachusett Mountain Ski Area,Massachusetts,Massachusetts,2006.0,1000.0,1006.0,0.0,0.0,0.0,3.0,0.0,1.0,0.0,4.0,8.0,27.0,2.0,1.5,112.0,112.0,120.0,57.0,Massachusetts,65.0,71.0,120.0,104.0
Alpine Valley Ski Area,Michigan,Michigan,500.0,240.0,126.0,0.0,0.0,0.0,0.0,1.0,2.0,5.0,6.0,14.0,25.0,3.0,0.2,100.0,100.0,114.7324414715719,57.0,Michigan,39.0,47.0,120.26086956521739,100.0
Apple Mountain,Michigan,Michigan,820.0,220.0,600.0,0.0,0.0,0.0,0.0,1.0,0.0,0.0,5.0,6.0,12.0,0.0,1.0,80.0,42.0,114.7324414715719,58.0,Michigan,35.0,35.0,120.26086956521739,80.0
Big Powderhorn Mountain,Michigan,Michigan,1800.0,600.0,1200.0,0.0,0.0,0.0,0.0,0.0,0.0,9.0,1.0,10.0,45.0,2.0,1.0,253.0,228.0,100.0,55.0,Michigan,69.0,69.0,108.0,0.0
Bittersweet Ski Area,Michigan,Michigan,850.0,350.0,450.0,0.0,0.0,0.0,0.0,1.0,7.0,0.0,4.0,12.0,20.0,2.0,0.2,100.0,100.0,80.0,36.0,Michigan,38.0,48.0,80.0,100.0
Big Snow Resort - Blackjack,Michigan,Michigan,850.0,465.0,385.0,0.0,0.0,0.0,0.0,0.0,0.0,4.0,2.0,6.0,26.0,2.0,1.0,170.0,86.0,95.0,42.0,Michigan,49.0,65.0,115.0,0.0
Boyne Highlands,Michigan,Michigan,1290.0,552.0,745.0,0.0,0.0,0.0,1.0,3.0,4.0,0.0,2.0,10.0,55.0,4.0,1.2,435.0,400.0,97.0,56.0,Michigan,78.0,98.0,120.0,150.0
Boyne Mountain Resort,Michigan,Michigan,1120.0,500.0,620.0,0.0,0.0,1.0,0.0,4.0,3.0,2.0,2.0,12.0,60.0,7.0,1.0,415.0,380.0,122.0,71.0,Michigan,57.91695652173913,64.1668100358423,130.0,200.0
Caberfae Peaks,Michigan,Michigan,1569.0,485.0,1060.0,0.0,0.0,0.0,0.0,1.0,2.0,1.0,1.0,5.0,34.0,2.0,1.2,200.0,200.0,118.0,82.0,Michigan,39.0,49.0,130.0,150.0
Cannonsburg,Michigan,Michigan,1100.0,250.0,850.0,0.0,0.0,0.0,0.0,1.0,1.0,1.0,7.0,10.0,21.0,5.0,0.1,100.0,0.0,100.0,54.0,Michigan,30.0,37.0,100.0,0.0
Crystal Mountain,Michigan,Michigan,1132.0,375.0,757.0,0.0,0.0,0.0,1.0,3.0,2.0,0.0,2.0,8.0,58.0,3.0,0.3,102.0,96.0,120.0,63.0,Michigan,54.0,64.0,135.0,56.0
Big Snow Resort - Indianhead Mountain,Michigan,Michigan,1935.0,638.0,1297.0,0.0,0.0,0.0,0.0,1.0,1.0,5.0,2.0,9.0,32.0,2.0,1.0,240.0,150.0,120.0,60.0,Michigan,49.0,49.0,120.0,0.0
Marquette Mountain,Michigan,Michigan,1357.0,600.0,757.0,0.0,0.0,0.0,0.0,0.0,1.0,2.0,1.0,4.0,35.0,3.0,0.7,169.0,143.0,139.0,60.0,Michigan,57.91695652173913,64.1668100358423,135.0,89.0
Mont Ripley,Michigan,Michigan,1140.0,440.0,700.0,0.0,0.0,0.0,0.0,0.0,0.0,2.0,2.0,4.0,25.0,2.0,0.8,112.0,112.0,114.0,83.0,Michigan,49.0,49.0,100.0,100.0
Mount Bohemia,Michigan,Michigan,1500.0,900.0,600.0,0.0,0.0,0.0,0.0,0.0,1.0,1.0,0.0,2.0,34.0,0.0,2.3,585.0,0.0,83.0,19.0,Michigan,68.0,68.0,100.0,0.0
Mt. Brighton,Michigan,Michigan,1330.0,230.0,1100.0,0.0,0.0,0.0,0.0,2.0,3.0,0.0,8.0,13.0,25.0,5.0,0.1,130.0,130.0,111.0,59.0,Michigan,52.0,59.0,100.0,130.0
Mt. Holiday Ski Area,Michigan,Michigan,440.0,200.0,240.0,0.0,0.0,0.0,0.0,0.0,0.0,2.0,2.0,4.0,12.0,0.0,0.1,45.0,45.0,100.0,70.0,Michigan,22.0,34.0,90.0,45.0
Mount Holly,Michigan,Michigan,1105.0,350.0,755.0,0.0,0.0,0.0,1.0,2.0,3.0,1.0,6.0,13.0,19.0,0.0,0.1,100.0,100.0,102.0,63.0,Michigan,37.0,45.0,102.0,100.0
Mulligan's Hollow Ski Bowl,Michigan,Michigan,700.0,130.0,570.0,0.0,0.0,0.0,0.0,0.0,0.0,0.0,5.0,5.0,6.0,0.0,0.2,10.0,10.0,114.7324414715719,19.0,Michigan,15.0,20.0,120.26086956521739,10.0
Norway Mountain,Michigan,Michigan,1335.0,500.0,835.0,0.0,0.0,0.0,0.0,0.0,1.0,2.0,3.0,6.0,17.0,1.0,1.4,186.0,186.0,110.0,45.0,Michigan,57.91695652173913,45.0,110.0,40.0
Nubs Nob Ski Area,Michigan,Michigan,1338.0,427.0,911.0,0.0,0.0,0.0,0.0,3.0,4.0,2.0,1.0,10.0,53.0,3.0,0.9,248.0,248.0,133.0,61.0,Michigan,65.0,85.0,130.0,160.0
Pine Knob Ski Resort,Michigan,Michigan,1308.0,300.0,1009.0,0.0,0.0,0.0,0.0,0.0,0.0,0.0,6.0,6.0,14.0,3.0,1.0,80.0,80.0,114.7324414715719,2019.0,Michigan,49.0,57.0,120.26086956521739,0.0
Pine Mountain,Michigan,Michigan,1650.0,500.0,1150.0,0.0,0.0,0.0,0.0,0.0,1.0,2.0,1.0,4.0,28.0,1.0,0.5,160.0,160.0,110.0,80.0,Michigan,57.91695652173913,45.0,126.0,80.0
Schuss Mountain at Shanty Creek,Michigan,Michigan,1125.0,450.0,675.0,0.0,0.0,0.0,0.0,5.0,0.0,0.0,3.0,8.0,42.0,3.0,1.0,70.0,70.0,94.0,57.0,Michigan,58.0,78.0,111.0,70.0
Ski Brule,Michigan,Michigan,1860.0,500.0,1360.0,0.0,0.0,0.0,0.0,0.0,0.0,5.0,7.0,12.0,17.0,3.0,1.0,150.0,150.0,164.0,62.0,Michigan,49.0,49.0,165.0,40.0
Snow Snake Mountain Ski Area,Michigan,Michigan,1230.0,210.0,1020.0,0.0,0.0,0.0,0.0,0.0,1.0,0.0,5.0,6.0,12.0,2.0,0.0,40.0,40.0,114.7324414715719,72.0,Michigan,30.0,35.0,120.26086956521739,40.0
Swiss Valley,Michigan,Michigan,1200.0,225.0,975.0,0.0,0.0,0.0,0.0,2.0,1.0,0.0,4.0,7.0,11.0,2.0,0.1,60.0,60.0,89.0,51.0,Michigan,32.0,42.0,80.0,60.0
The Homestead,Michigan,Michigan,900.0,320.0,580.0,0.0,0.0,0.0,0.0,0.0,2.0,1.0,2.0,5.0,15.0,1.0,0.2,16.0,16.0,47.0,34.0,Michigan,50.0,50.0,42.0,16.0
Timber Ridge,Michigan,Michigan,850.0,250.0,600.0,0.0,0.0,0.0,0.0,1.0,1.0,2.0,4.0,8.0,16.0,2.0,0.3,50.0,50.0,80.0,58.0,Michigan,35.0,45.0,80.0,50.0
Treetops Resort,Michigan,Michigan,1345.0,225.0,1120.0,0.0,0.0,0.0,0.0,0.0,3.0,0.0,2.0,5.0,23.0,3.0,0.2,80.0,80.0,63.0,65.0,Michigan,57.91695652173913,64.1668100358423,101.0,80.0
Afton Alps,Minnesota,Minnesota,1530.0,350.0,1180.0,0.0,0.0,0.0,0.0,1.0,3.0,14.0,4.0,22.0,48.0,5.0,0.5,250.0,250.0,135.0,56.0,Minnesota,55.0,60.0,135.0,250.0
Andes Tower Hills Ski Area,Minnesota,Minnesota,1620.0,290.0,1330.0,0.0,0.0,0.0,0.0,1.0,2.0,0.0,3.0,6.0,15.0,2.0,0.2,35.0,35.0,100.0,38.0,Minnesota,45.0,45.0,110.0,35.0
Buck Hill,Minnesota,Minnesota,1225.0,309.0,919.0,0.0,0.0,0.0,0.0,2.0,1.0,0.0,5.0,8.0,16.0,0.0,0.2,45.0,45.0,115.0,65.0,Minnesota,34.0,47.0,112.0,45.0
Buena Vista Ski Area,Minnesota,Minnesota,1510.0,230.0,1280.0,0.0,0.0,0.0,0.0,0.0,2.0,2.0,2.0,6.0,17.0,0.0,0.3,30.0,30.0,57.0,70.0,Minnesota,44.0,44.0,60.0,30.0
Coffee Mill Ski & Snowboard Resort,Minnesota,Minnesota,1150.0,425.0,725.0,0.0,0.0,0.0,0.0,0.0,0.0,2.0,1.0,3.0,14.0,1.0,1.0,40.0,35.0,57.0,39.0,Minnesota,23.0,37.0,56.0,35.0
Elm Creek Winter Recreation Area,Minnesota,Minnesota,928.0,60.0,868.0,0.0,0.0,0.0,0.0,0.0,0.0,0.0,3.0,3.0,3.0,0.0,1.0,15.0,20.0,105.0,13.0,Minnesota,17.0,17.0,102.0,15.0
Giants Ridge Resort,Minnesota,Minnesota,1972.0,500.0,1472.0,0.0,0.0,0.0,1.0,1.0,1.0,2.0,2.0,7.0,35.0,2.0,0.8,202.0,202.0,120.0,35.0,Minnesota,49.0,58.0,125.0,121.0
Hyland Ski & Snowboard Area,Minnesota,Minnesota,1075.0,175.0,900.0,0.0,0.0,0.0,0.0,2.0,1.0,0.0,5.0,8.0,14.0,1.0,1.0,35.0,35.0,110.0,61.0,Minnesota,35.34,35.34,115.0,35.0
Lutsen Mountains,Minnesota,Minnesota,1688.0,825.0,800.0,1.0,0.0,1.0,0.0,0.0,1.0,4.0,1.0,8.0,62.0,2.0,2.0,393.0,231.0,135.0,71.0,Minnesota,84.0,84.0,127.0,0.0
Mount Kato Ski Area,Minnesota,Minnesota,540.0,240.0,300.0,0.0,0.0,0.0,0.0,5.0,0.0,3.0,2.0,10.0,19.0,4.0,1.0,55.0,55.0,115.0,43.0,Minnesota,34.0,46.0,120.0,50.0
Powder Ridge Ski Area,Minnesota,Minnesota,790.0,300.0,500.0,0.0,0.0,0.0,0.0,1.0,0.0,2.0,3.0,6.0,15.0,4.0,1.0,60.0,60.0,97.0,58.0,Minnesota,36.0,48.0,113.0,60.0
Spirit Mountain,Minnesota,Minnesota,1320.0,700.0,620.0,0.0,0.0,0.0,1.0,1.0,2.0,1.0,2.0,7.0,22.0,3.0,1.0,175.0,175.0,100.0,45.0,Minnesota,59.0,59.0,125.0,144.0
Welch Village,Minnesota,Minnesota,1060.0,360.0,700.0,0.0,0.0,0.0,0.0,3.0,1.0,4.0,2.0,10.0,50.0,1.0,0.8,125.0,125.0,114.0,54.0,Minnesota,54.0,60.0,122.0,100.0
Wild Mountain Ski & Snowboard Area,Minnesota,Minnesota,1113.0,300.0,813.0,0.0,0.0,0.0,0.0,4.0,0.0,0.0,4.0,8.0,26.0,4.0,0.9,100.0,100.0,130.0,47.0,Minnesota,55.0,55.0,140.0,100.0
Hidden Valley Ski Area,Missouri,Missouri,2566.0,310.0,2316.0,0.0,0.0,0.0,0.0,2.0,2.0,0.0,3.0,7.0,17.0,0.0,0.1,30.0,30.0,114.7324414715719,37.0,Missouri,49.0,49.0,120.26086956521739,17.0
Snow Creek,Missouri,Missouri,1100.0,300.0,800.0,0.0,0.0,0.0,0.0,0.0,2.0,1.0,2.0,5.0,14.0,2.0,0.3,30.0,30.0,69.0,33.0,Missouri,37.0,47.0,85.0,30.0
Big Sky Resort,Montana,Montana,11166.0,4350.0,7500.0,1.0,1.0,2.0,5.0,3.0,7.0,5.0,12.0,36.0,317.0,8.0,6.0,5800.0,400.0,144.0,46.0,Montana,57.91695652173913,64.1668100358423,144.0,0.0
Blacktail Mountain Ski Area,Montana,Montana,6676.0,1440.0,5236.0,0.0,0.0,0.0,0.0,0.0,1.0,2.0,1.0,4.0,27.0,0.0,0.7,1000.0,0.0,114.7324414715719,21.0,Montana,42.0,42.0,120.26086956521739,0.0
Bridger Bowl,Montana,Montana,8700.0,2600.0,6100.0,0.0,0.0,0.0,0.0,1.0,6.0,1.0,3.0,11.0,105.0,2.0,1.5,2000.0,100.0,122.0,64.0,Montana,63.0,63.0,133.0,0.0
Discovery Ski Area,Montana,Montana,8150.0,2380.0,5770.0,0.0,0.0,0.0,0.0,0.0,5.0,2.0,1.0,8.0,74.0,1.0,1.5,2400.0,25.0,116.0,46.0,Montana,49.0,49.0,116.0,0.0
Great Divide,Montana,Montana,7330.0,1580.0,5750.0,0.0,0.0,0.0,0.0,0.0,0.0,5.0,1.0,6.0,110.0,6.0,3.0,1600.0,150.0,94.0,78.0,Montana,48.0,48.0,100.0,100.0
Lost Trail - Powder Mtn,Montana,Montana,8200.0,1800.0,6400.0,0.0,0.0,0.0,0.0,0.0,0.0,5.0,3.0,8.0,69.0,2.0,2.5,1800.0,0.0,84.0,81.0,Montana,46.0,46.0,80.0,0.0
Maverick Mountain,Montana,Montana,8520.0,2020.0,6500.0,0.0,0.0,0.0,0.0,0.0,0.0,1.0,1.0,2.0,22.0,0.0,1.3,255.0,0.0,114.7324414715719,83.0,Montana,39.0,39.0,120.26086956521739,0.0
Montana Snowbowl,Montana,Montana,7600.0,2600.0,5000.0,0.0,0.0,0.0,0.0,0.0,0.0,2.0,2.0,4.0,37.0,0.0,1.2,950.0,20.0,114.7324414715719,58.0,Montana,50.0,50.0,120.26086956521739,10.0
Red Lodge Mountain,Montana,Montana,9416.0,2400.0,7016.0,0.0,0.0,0.0,2.0,0.0,1.0,3.0,1.0,7.0,70.0,2.0,2.5,1635.0,496.0,142.0,59.0,Montana,67.0,67.0,136.0,0.0
Showdown Montana,Montana,Montana,8200.0,1400.0,6800.0,0.0,0.0,0.0,0.0,0.0,1.0,2.0,1.0,4.0,36.0,1.0,1.8,640.0,0.0,86.0,83.0,Montana,47.0,47.0,85.0,0.0
Teton Pass Ski Resort,Montana,Montana,7200.0,1010.0,6190.0,0.0,0.0,0.0,0.0,0.0,0.0,1.0,2.0,3.0,43.0,1.0,3.0,330.0,0.0,40.0,54.0,Montana,39.0,39.0,150.0,0.0
Whitefish Mountain Resort,Montana,Montana,6817.0,2353.0,4464.0,0.0,0.0,0.0,3.0,2.0,6.0,0.0,3.0,14.0,105.0,4.0,3.3,3000.0,600.0,123.0,72.0,Montana,81.0,81.0,123.0,600.0
Diamond Peak,Sierra Nevada,Nevada,8540.0,1840.0,6700.0,0.0,0.0,0.0,1.0,2.0,0.0,3.0,1.0,7.0,30.0,3.0,2.5,655.0,492.0,100.0,53.0,Sierra Nevada,89.0,99.0,122.0,0.0
Elko SnoBowl,Nevada,Nevada,7000.0,700.0,6300.0,0.0,0.0,0.0,0.0,0.0,0.0,1.0,1.0,2.0,10.0,0.0,1.0,60.0,2.0,19.0,23.0,Nevada,20.0,20.0,30.0,0.0
Lee Canyon,Nevada,Nevada,11289.0,860.0,8510.0,0.0,0.0,0.0,0.0,2.0,1.0,0.0,0.0,3.0,24.0,1.0,0.3,195.0,50.0,144.0,56.0,Nevada,70.0,70.0,150.0,0.0
Mt. Rose - Ski Tahoe,Sierra Nevada,Nevada,9700.0,1800.0,8260.0,0.0,0.0,2.0,0.0,2.0,2.0,0.0,2.0,8.0,65.0,5.0,2.5,1200.0,330.0,152.0,55.0,Sierra Nevada,135.0,135.0,150.0,0.0
Attitash,New Hampshire,New Hampshire,2350.0,1750.0,600.0,0.0,0.0,0.0,2.0,1.0,3.0,2.0,1.0,9.0,68.0,3.0,3.0,311.0,240.0,115.0,54.0,New Hampshire,79.0,89.0,130.0,0.0
Black Mountain,New Hampshire,New Hampshire,2350.0,1100.0,1250.0,0.0,0.0,0.0,0.0,0.0,1.0,1.0,3.0,5.0,45.0,0.0,1.6,143.0,120.0,110.0,84.0,New Hampshire,45.0,59.0,107.0,0.0
Bretton Woods,New Hampshire,New Hampshire,3100.0,1500.0,1600.0,0.0,0.0,0.0,4.0,1.0,1.0,0.0,3.0,9.0,63.0,2.0,2.0,464.0,427.0,180.0,46.0,New Hampshire,85.0,99.0,180.0,45.0
Cannon Mountain,New Hampshire,New Hampshire,4080.0,2180.0,1900.0,1.0,0.0,0.0,1.0,2.0,3.0,1.0,3.0,11.0,97.0,3.0,2.3,285.0,192.0,124.0,81.0,New Hampshire,79.0,79.0,143.0,0.0
Cranmore Mountain Resort,New Hampshire,New Hampshire,2000.0,1200.0,600.0,0.0,0.0,0.0,1.0,1.0,2.0,1.0,2.0,7.0,57.0,4.0,1.0,200.0,192.0,107.0,82.0,New Hampshire,57.91695652173913,64.1668100358423,128.0,0.0
Crotched Mountain,New Hampshire,New Hampshire,2066.0,1016.0,1050.0,0.0,0.0,0.0,1.0,1.0,1.0,1.0,1.0,5.0,25.0,3.0,1.2,100.0,100.0,105.0,16.0,New Hampshire,55.0,69.0,100.0,100.0
Dartmouth Skiway,New Hampshire,New Hampshire,1943.0,969.0,974.0,0.0,0.0,0.0,0.0,1.0,0.0,1.0,2.0,4.0,28.0,1.0,1.1,107.0,54.0,104.0,63.0,New Hampshire,50.0,50.0,105.0,0.0
Gunstock,New Hampshire,New Hampshire,2300.0,1400.0,900.0,0.0,0.0,0.0,1.0,2.0,2.0,0.0,1.0,6.0,55.0,4.0,1.5,227.0,176.0,106.0,82.0,New Hampshire,80.0,92.0,106.0,60.0
King Pine,New Hampshire,New Hampshire,850.0,350.0,500.0,0.0,0.0,0.0,0.0,0.0,3.0,0.0,3.0,6.0,17.0,2.0,0.3,48.0,45.0,105.0,57.0,New Hampshire,42.0,58.0,107.0,23.0
Loon Mountain,New Hampshire,New Hampshire,3050.0,2100.0,950.0,1.0,0.0,0.0,3.0,1.0,1.0,3.0,2.0,11.0,61.0,6.0,2.5,370.0,322.0,149.0,53.0,New Hampshire,57.91695652173913,64.1668100358423,144.0,0.0
Mount Sunapee,New Hampshire,New Hampshire,2743.0,1510.0,1233.0,0.0,0.0,0.0,2.0,1.0,2.0,1.0,4.0,10.0,66.0,4.0,0.8,232.0,215.0,130.0,71.0,New Hampshire,83.0,93.0,136.0,0.0
Pats Peak,New Hampshire,New Hampshire,1460.0,770.0,690.0,0.0,0.0,0.0,0.0,0.0,4.0,2.0,5.0,11.0,28.0,3.0,1.5,115.0,115.0,109.0,56.0,New Hampshire,58.0,72.0,112.0,93.0
Ragged Mountain Resort,New Hampshire,New Hampshire,2250.0,1250.0,1000.0,0.0,0.0,1.0,1.0,0.0,1.0,0.0,3.0,6.0,57.0,3.0,0.7,250.0,200.0,140.0,54.0,New Hampshire,74.0,84.0,140.0,0.0
Waterville Valley,New Hampshire,New Hampshire,4004.0,2020.0,1984.0,0.0,0.0,0.0,2.0,0.0,2.0,3.0,4.0,11.0,62.0,4.0,1.9,265.0,220.0,142.0,54.0,New Hampshire,79.0,93.0,142.0,0.0
Whaleback Mountain,New Hampshire,New Hampshire,1800.0,700.0,1100.0,0.0,0.0,0.0,0.0,0.0,0.0,1.0,3.0,4.0,30.0,1.0,1.0,85.0,60.0,105.0,64.0,New Hampshire,30.0,45.0,105.0,55.0
Wildcat Mountain,New Hampshire,New Hampshire,4062.0,2112.0,1950.0,0.0,0.0,0.0,1.0,0.0,3.0,0.0,1.0,5.0,48.0,0.0,2.8,225.0,200.0,156.0,61.0,New Hampshire,79.0,89.0,150.0,0.0
Campgaw Mountain,New Jersey,New Jersey,726.0,274.0,450.0,0.0,0.0,0.0,0.0,0.0,0.0,2.0,3.0,5.0,12.0,1.0,0.3,23.0,23.0,80.0,58.0,New Jersey,57.91695652173913,64.1668100358423,80.0,14.0
Mountain Creek Resort,New Jersey,New Jersey,1480.0,1040.0,440.0,1.0,0.0,0.0,2.0,2.0,1.0,1.0,3.0,10.0,46.0,3.0,2.0,167.0,167.0,90.0,54.0,New Jersey,79.99,79.99,100.0,167.0
Angel Fire Resort,New Mexico,New Mexico,10677.0,2077.0,8600.0,0.0,0.0,0.0,2.0,0.0,0.0,3.0,2.0,7.0,81.0,3.0,3.0,560.0,230.0,101.0,53.0,New Mexico,77.0,77.0,101.0,50.0
Enchanted Forest Ski Area,New Mexico,New Mexico,10078.0,400.0,9820.0,0.0,0.0,0.0,0.0,0.0,0.0,0.0,0.0,0.0,33.0,0.0,2.5,600.0,0.0,130.0,34.0,New Mexico,20.0,20.0,140.0,0.0
Pajarito Mountain Ski Area,New Mexico,New Mexico,10441.0,1410.0,9031.0,0.0,0.0,0.0,0.0,1.0,1.0,3.0,1.0,6.0,45.0,2.0,0.6,750.0,35.0,89.0,62.0,New Mexico,49.0,49.0,117.0,0.0
Red River,New Mexico,New Mexico,10350.0,1600.0,8750.0,0.0,0.0,0.0,0.0,1.0,3.0,1.0,2.0,7.0,63.0,3.0,2.5,209.0,0.0,110.0,60.0,New Mexico,79.0,79.0,110.0,0.0
Sandia Peak,New Mexico,New Mexico,10378.0,1700.0,8678.0,0.0,0.0,0.0,0.0,0.0,0.0,4.0,1.0,5.0,39.0,1.0,2.0,200.0,30.0,32.0,82.0,New Mexico,55.0,55.0,38.0,0.0
Sipapu Ski Resort,New Mexico,New Mexico,9255.0,1055.0,8200.0,0.0,0.0,0.0,0.0,1.0,2.0,0.0,3.0,6.0,42.0,4.0,0.5,200.0,140.0,127.0,67.0,New Mexico,47.0,47.0,143.0,0.0
Ski Apache,New Mexico,New Mexico,11500.0,1900.0,9600.0,1.0,0.0,0.0,0.0,2.0,6.0,0.0,2.0,11.0,55.0,3.0,2.0,750.0,270.0,133.0,58.0,New Mexico,74.0,74.0,124.0,0.0
Ski Santa Fe,New Mexico,New Mexico,12075.0,1725.0,10350.0,0.0,0.0,0.0,0.0,1.0,2.0,2.0,2.0,7.0,83.0,1.0,3.0,660.0,275.0,107.0,73.0,New Mexico,80.0,80.0,130.0,0.0
Taos Ski Valley,New Mexico,New Mexico,12481.0,3281.0,9200.0,1.0,0.0,0.0,1.0,3.0,4.0,1.0,4.0,14.0,111.0,1.0,5.0,1294.0,647.0,137.0,64.0,New Mexico,110.0,110.0,136.0,0.0
Belleayre,New York,New York,3429.0,1404.0,2025.0,1.0,0.0,0.0,1.0,1.0,1.0,2.0,2.0,8.0,50.0,2.0,2.2,175.0,168.0,154.0,70.0,New York,60.0,72.0,150.0,0.0
Brantling Ski Slopes,New York,New York,850.0,250.0,600.0,0.0,0.0,0.0,0.0,0.0,0.0,0.0,5.0,5.0,10.0,0.0,0.1,20.0,16.0,114.7324414715719,19.0,New York,32.0,32.0,120.26086956521739,0.0
Bristol Mountain,New York,New York,2200.0,1200.0,1000.0,0.0,0.0,0.0,2.0,1.0,1.0,1.0,1.0,6.0,34.0,3.0,2.0,160.0,148.0,129.0,55.0,New York,65.0,76.0,129.0,154.0
Buffalo Ski Club Ski Area,New York,New York,3429.0,500.0,2025.0,0.0,0.0,0.0,0.0,0.0,0.0,2.0,4.0,6.0,43.0,1.0,1.0,225.0,150.0,114.7324414715719,12.0,New York,35.0,50.0,120.26086956521739,100.0
Catamount,New York,New York,2000.0,1000.0,1000.0,0.0,0.0,0.0,0.0,1.0,1.0,2.0,3.0,7.0,36.0,5.0,2.0,133.0,130.0,100.0,80.0,New York,38.0,69.0,90.0,55.0
Dry Hill Ski Area,New York,New York,950.0,300.0,650.0,0.0,0.0,0.0,0.0,0.0,0.0,1.0,2.0,3.0,7.0,1.0,0.2,35.0,26.0,114.7324414715719,55.0,New York,57.91695652173913,35.0,120.26086956521739,26.0
Gore Mountain,New York,New York,3600.0,2537.0,998.0,1.0,0.0,0.0,2.0,2.0,3.0,2.0,4.0,14.0,110.0,7.0,4.5,439.0,338.0,142.0,55.0,New York,80.0,88.0,142.0,15.0
Greek Peak,New York,New York,2100.0,952.0,1148.0,0.0,0.0,0.0,0.0,1.0,1.0,4.0,2.0,8.0,56.0,4.0,1.5,220.0,184.0,110.0,62.0,New York,49.0,63.2,113.0,175.0
Holiday Mountain,New York,New York,1550.0,400.0,1150.0,0.0,0.0,0.0,0.0,1.0,0.0,1.0,2.0,4.0,9.0,0.0,0.4,37.0,37.0,75.0,60.0,New York,27.0,42.0,85.0,37.0
Holiday Valley,New York,New York,2250.0,750.0,1500.0,0.0,0.0,0.0,3.0,8.0,0.0,0.0,2.0,13.0,60.0,5.0,1.0,290.0,266.0,116.0,62.0,New York,65.0,78.0,129.0,189.0
Holimont Ski Area,New York,New York,2260.0,700.0,1560.0,0.0,0.0,0.0,1.0,1.0,2.0,3.0,1.0,8.0,53.0,3.0,1.5,135.0,135.0,110.0,57.0,New York,62.0,75.0,119.0,0.0
Hunt Hollow Ski Club,New York,New York,2030.0,825.0,1000.0,0.0,0.0,0.0,0.0,0.0,1.0,1.0,1.0,3.0,19.0,1.0,1.0,400.0,400.0,75.0,52.0,New York,48.0,58.0,75.0,400.0
Hunter Mountain,New York,New York,3200.0,1600.0,1600.0,0.0,0.0,2.0,1.0,2.0,2.0,2.0,4.0,13.0,67.0,4.0,2.0,320.0,320.0,148.0,59.0,New York,79.0,89.0,155.0,0.0
Kissing Bridge,New York,New York,1700.0,550.0,1150.0,0.0,0.0,0.0,0.0,2.0,1.0,4.0,3.0,10.0,39.0,5.0,0.5,700.0,550.0,103.0,59.0,New York,40.0,60.0,100.0,650.0
Labrador Mt.,New York,New York,1825.0,700.0,1125.0,0.0,0.0,0.0,0.0,0.0,1.0,2.0,1.0,4.0,23.0,1.0,1.0,250.0,237.0,100.0,62.0,New York,59.0,59.0,100.0,180.0
Maple Ski Ridge,New York,New York,1200.0,450.0,750.0,0.0,0.0,0.0,0.0,0.0,1.0,1.0,1.0,3.0,10.0,0.0,0.3,25.0,25.0,114.7324414715719,57.0,New York,26.0,38.0,120.26086956521739,20.0
McCauley Mountain Ski Center,New York,New York,2250.0,633.0,1563.0,0.0,0.0,0.0,0.0,0.0,0.0,1.0,4.0,5.0,23.0,1.0,0.3,70.0,55.0,105.0,61.0,New York,20.0,30.0,105.0,0.0
Mount Peter Ski Area,New York,New York,1250.0,450.0,750.0,0.0,0.0,0.0,0.0,1.0,0.0,2.0,2.0,5.0,14.0,1.0,1.0,69.0,69.0,100.0,83.0,New York,35.0,54.0,100.0,69.0
Oak Mountain,New York,New York,2400.0,650.0,1750.0,0.0,0.0,0.0,0.0,1.0,0.0,0.0,3.0,4.0,22.0,1.0,1.2,46.0,18.0,114.7324414715719,71.0,New York,40.0,40.0,120.26086956521739,12.0
Peek'n Peak,New York,New York,1800.0,400.0,1400.0,0.0,0.0,0.0,0.0,0.0,8.0,0.0,2.0,10.0,27.0,4.0,2.4,110.0,110.0,110.0,55.0,New York,49.0,63.0,110.0,110.0
Plattekill Mountain,New York,New York,3500.0,1100.0,2400.0,0.0,0.0,0.0,0.0,0.0,1.0,1.0,2.0,4.0,38.0,1.0,2.0,110.0,75.0,65.0,26.0,New York,50.0,67.0,65.0,0.0
Royal Mountain Ski Area,New York,New York,1800.0,550.0,1250.0,0.0,0.0,0.0,0.0,0.0,0.0,3.0,0.0,3.0,14.0,0.0,0.3,35.0,28.0,114.7324414715719,63.0,New York,45.0,45.0,120.26086956521739,0.0
Snow Ridge,New York,New York,2000.0,650.0,1350.0,0.0,0.0,0.0,0.0,0.0,0.0,4.0,2.0,6.0,21.0,2.0,0.8,130.0,65.0,73.0,74.0,New York,38.0,48.0,100.0,40.0
Song Mountain,New York,New York,1940.0,700.0,1240.0,0.0,0.0,0.0,0.0,0.0,1.0,1.0,3.0,5.0,24.0,0.0,0.4,93.0,70.0,90.0,55.0,New York,59.0,59.0,122.0,70.0
Swain,New York,New York,1970.0,650.0,1320.0,0.0,0.0,0.0,0.0,3.0,0.0,1.0,1.0,5.0,35.0,3.0,1.0,130.0,90.0,102.0,72.0,New York,49.0,59.0,100.0,80.0
Thunder Ridge,New York,New York,1270.0,500.0,770.0,0.0,0.0,0.0,0.0,0.0,1.0,2.0,3.0,6.0,30.0,0.0,0.4,100.0,100.0,121.0,60.0,New York,57.91695652173913,57.0,121.0,100.0
Titus Mountain,New York,New York,2025.0,1200.0,825.0,0.0,0.0,0.0,0.0,0.0,2.0,6.0,2.0,10.0,50.0,3.0,2.0,200.0,150.0,101.0,59.0,New York,39.0,49.0,100.0,70.0
Toggenburg Mountain,New York,New York,2000.0,700.0,1300.0,0.0,0.0,0.0,0.0,0.0,1.0,1.0,3.0,5.0,22.0,2.0,0.4,85.0,0.0,122.0,66.0,New York,55.0,55.0,122.0,73.0
West Mountain,New York,New York,1470.0,1010.0,460.0,0.0,0.0,0.0,0.0,0.0,1.0,2.0,2.0,5.0,29.0,1.0,0.6,124.0,105.0,120.0,58.0,New York,49.0,59.0,120.0,105.0
Whiteface Mountain Resort,New York,New York,4650.0,3430.0,1220.0,1.0,0.0,0.0,1.0,1.0,2.0,5.0,2.0,12.0,86.0,5.0,2.1,288.0,220.0,122.0,61.0,New York,96.0,96.0,141.0,0.0
Willard Mountain,New York,New York,1415.0,505.0,910.0,0.0,0.0,0.0,0.0,0.0,0.0,2.0,3.0,5.0,16.0,0.0,0.4,50.0,35.0,85.0,19.0,New York,46.0,46.0,120.0,35.0
Windham Mountain,New York,New York,3100.0,1600.0,1500.0,0.0,0.0,1.0,2.0,0.0,3.0,1.0,5.0,12.0,54.0,6.0,2.0,285.0,280.0,123.0,59.0,New York,85.0,95.0,130.0,56.0
Woods Valley Ski Area,New York,New York,1400.0,500.0,900.0,0.0,0.0,0.0,0.0,0.0,0.0,2.0,4.0,6.0,21.0,0.0,0.3,25.0,16.0,114.7324414715719,55.0,New York,31.0,39.0,120.26086956521739,15.0
Appalachian Ski Mountain,North Carolina,North Carolina,4000.0,365.0,3635.0,0.0,0.0,0.0,0.0,2.0,0.0,1.0,2.0,5.0,12.0,3.0,0.5,27.0,27.0,100.0,57.0,North Carolina,40.0,64.0,100.0,27.0
Cataloochee Ski Area,North Carolina,North Carolina,5400.0,740.0,4660.0,0.0,0.0,0.0,0.0,1.0,1.0,1.0,2.0,5.0,18.0,2.0,1.0,50.0,50.0,141.0,58.0,North Carolina,43.0,70.0,108.0,50.0
Sapphire Valley,North Carolina,North Carolina,3450.0,200.0,3200.0,0.0,0.0,0.0,0.0,1.0,0.0,0.0,2.0,3.0,34.0,1.0,1.0,8.0,8.0,53.0,55.0,North Carolina,40.0,43.0,60.0,8.0
Beech Mountain Resort,North Carolina,North Carolina,5506.0,830.0,4675.0,0.0,0.0,0.0,0.0,3.0,0.0,3.0,2.0,8.0,17.0,1.0,1.0,95.0,95.0,98.0,52.0,North Carolina,41.0,68.0,98.0,95.0
Sugar Mountain Resort,North Carolina,North Carolina,5300.0,1200.0,4100.0,0.0,0.0,1.0,0.0,0.0,1.0,4.0,2.0,8.0,21.0,1.0,1.5,125.0,125.0,114.0,50.0,North Carolina,45.0,75.0,120.0,95.0
Wolf Ridge Ski Resort,North Carolina,North Carolina,4700.0,720.0,4000.0,0.0,0.0,0.0,0.0,1.0,0.0,1.0,2.0,4.0,15.0,1.0,0.6,65.0,65.0,100.0,49.0,North Carolina,42.0,65.0,100.0,60.0
Alpine Valley,Ohio,Ohio,1500.0,230.0,1260.0,0.0,0.0,0.0,0.0,1.0,2.0,1.0,1.0,5.0,11.0,1.0,0.2,72.0,72.0,105.0,53.0,Ohio,43.0,43.0,105.0,72.0
Boston Mills,Ohio,Ohio,871.0,264.0,631.0,0.0,0.0,0.0,0.0,0.0,4.0,2.0,2.0,8.0,7.0,2.0,0.3,40.0,40.0,92.0,56.0,Ohio,44.0,44.0,110.0,40.0
Brandywine,Ohio,Ohio,871.0,240.0,631.0,0.0,0.0,0.0,0.0,2.0,7.0,2.0,5.0,16.0,11.0,2.0,0.3,85.0,85.0,92.0,56.0,Ohio,44.0,44.0,110.0,85.0
Mad River Mountain,Ohio,Ohio,1460.0,300.0,1160.0,0.0,0.0,0.0,0.0,1.0,2.0,3.0,6.0,12.0,20.0,4.0,0.5,144.0,144.0,99.0,57.0,Ohio,39.0,44.0,90.0,144.0
Snow Trails,Ohio,Ohio,1475.0,301.0,1174.0,0.0,0.0,0.0,0.0,0.0,4.0,2.0,3.0,9.0,17.0,3.0,0.2,80.0,80.0,101.0,58.0,Ohio,41.0,52.0,70.0,80.0
Anthony Lakes Mountain Resort,Oregon,Oregon,8000.0,900.0,7100.0,0.0,0.0,0.0,0.0,0.0,1.0,0.0,2.0,3.0,21.0,2.0,1.5,1100.0,0.0,75.0,56.0,Oregon,40.0,40.0,80.0,0.0
Cooper Spur,Mt. Hood,Oregon,4000.0,350.0,3500.0,0.0,0.0,0.0,0.0,0.0,0.0,1.0,1.0,2.0,10.0,0.0,0.1,50.0,0.0,78.0,66.0,Mt. Hood,39.0,39.0,90.0,0.0
Hoodoo Ski Area,Oregon,Oregon,5703.0,1035.0,4668.0,0.0,0.0,0.0,0.0,3.0,1.0,1.0,0.0,5.0,34.0,0.0,0.4,806.0,0.0,80.0,81.0,Oregon,59.0,59.0,108.0,200.0
Mt. Ashland,Oregon,Oregon,7533.0,1150.0,6383.0,0.0,0.0,0.0,0.0,0.0,2.0,2.0,1.0,5.0,23.0,2.0,1.0,220.0,0.0,94.0,55.0,Oregon,45.0,52.0,92.0,40.0
Mt. Bachelor,Oregon,Oregon,9065.0,3365.0,5700.0,0.0,0.0,0.0,8.0,0.0,3.0,0.0,0.0,11.0,101.0,5.0,4.0,4318.0,20.0,185.0,61.0,Oregon,99.0,99.0,185.0,0.0
Mt. Hood Meadows,Mt. Hood,Oregon,7300.0,2777.0,4523.0,0.0,0.0,0.0,6.0,0.0,0.0,5.0,2.0,13.0,85.0,6.0,3.0,2150.0,0.0,118.0,51.0,Mt. Hood,57.91695652173913,64.1668100358423,160.0,170.0
Mt. Hood Skibowl,Mt. Hood,Oregon,5100.0,1500.0,3600.0,0.0,0.0,0.0,0.0,0.0,0.0,4.0,5.0,9.0,65.0,2.0,3.0,960.0,29.0,125.0,82.0,Mt. Hood,70.0,70.0,144.0,317.0
Spout Springs,Oregon,Oregon,5500.0,610.0,4850.0,0.0,0.0,0.0,0.0,0.0,0.0,2.0,2.0,4.0,14.0,0.0,0.1,200.0,0.0,117.0,19.0,Oregon,57.91695652173913,64.1668100358423,125.0,100.0
Timberline Lodge,Mt. Hood,Oregon,8540.0,3690.0,6000.0,0.0,0.0,0.0,5.0,0.0,1.0,1.0,1.0,8.0,41.0,5.0,2.0,1415.0,0.0,305.0,82.0,Mt. Hood,57.91695652173913,64.1668100358423,305.0,300.0
Willamette Pass,Oregon,Oregon,6683.0,1563.0,5120.0,0.0,0.0,1.0,0.0,0.0,3.0,0.0,1.0,5.0,29.0,0.0,2.1,555.0,60.0,3.0,78.0,Oregon,60.0,60.0,100.0,0.0
Bear Creek Mountain Resort,Pennsylvania,Pennsylvania,1100.0,510.0,600.0,0.0,0.0,0.0,0.0,3.0,1.0,0.0,2.0,6.0,23.0,3.0,1.0,86.0,86.0,91.0,52.0,Pennsylvania,50.0,60.0,90.0,86.0
Ski Big Bear,Pennsylvania,Pennsylvania,1250.0,650.0,600.0,0.0,0.0,0.0,0.0,0.0,0.0,4.0,2.0,6.0,18.0,1.0,1.5,26.0,26.0,75.0,43.0,Pennsylvania,50.0,62.0,75.0,26.0
Big Boulder,Pennsylvania,Pennsylvania,2175.0,600.0,1700.0,0.0,0.0,0.0,0.0,0.0,2.0,5.0,1.0,8.0,16.0,8.0,1.0,55.0,55.0,76.0,72.0,Pennsylvania,50.0,65.0,95.0,55.0
Blue Knob,Pennsylvania,Pennsylvania,3146.0,1072.0,2074.0,0.0,0.0,0.0,0.0,0.0,2.0,2.0,2.0,6.0,34.0,1.0,2.0,100.0,84.0,87.0,56.0,Pennsylvania,43.0,68.0,105.0,42.0
Blue Mountain Resort,Pennsylvania,Pennsylvania,1600.0,1082.0,460.0,0.0,0.0,1.0,1.0,1.0,1.0,3.0,9.0,16.0,39.0,5.0,1.2,164.0,164.0,122.0,42.0,Pennsylvania,55.0,65.0,112.0,164.0
Camelback Mountain Resort,Pennsylvania,Pennsylvania,2100.0,800.0,1250.0,0.0,0.0,0.0,2.0,0.0,3.0,5.0,6.0,16.0,37.0,5.0,1.0,166.0,166.0,100.0,56.0,Pennsylvania,55.0,70.0,100.0,160.0
Elk Mountain Ski Resort,Pennsylvania,Pennsylvania,2693.0,1000.0,1693.0,0.0,0.0,0.0,0.0,1.0,0.0,5.0,1.0,7.0,27.0,2.0,0.7,180.0,146.0,100.0,60.0,Pennsylvania,55.0,69.0,100.0,90.0
Jack Frost,Pennsylvania,Pennsylvania,2000.0,600.0,1400.0,0.0,0.0,0.0,0.0,1.0,2.0,5.0,1.0,9.0,20.0,1.0,1.0,100.0,100.0,96.0,47.0,Pennsylvania,50.0,65.0,105.0,0.0
Liberty,Pennsylvania,Pennsylvania,1190.0,620.0,570.0,0.0,0.0,0.0,0.0,5.0,0.0,0.0,3.0,8.0,16.0,3.0,1.0,100.0,100.0,107.0,54.0,Pennsylvania,67.0,77.0,97.0,100.0
Mount Pleasant of Edinboro,Pennsylvania,Pennsylvania,1540.0,340.0,1200.0,0.0,0.0,0.0,0.0,0.0,1.0,0.0,1.0,2.0,10.0,0.0,0.5,40.0,35.0,75.0,48.0,Pennsylvania,30.0,33.0,90.0,35.0
Roundtop Mountain Resort,Pennsylvania,Pennsylvania,1400.0,600.0,800.0,0.0,0.0,0.0,0.0,3.0,2.0,0.0,3.0,8.0,20.0,2.0,0.4,103.0,103.0,114.7324414715719,55.0,Pennsylvania,63.0,73.0,120.26086956521739,100.0
Seven Springs,Pennsylvania,Pennsylvania,2994.0,750.0,2240.0,0.0,0.0,2.0,0.0,3.0,5.0,0.0,4.0,14.0,33.0,7.0,1.2,285.0,285.0,99.0,87.0,Pennsylvania,67.0,87.0,115.0,200.0
Shawnee Mountain Ski Area,Pennsylvania,Pennsylvania,1350.0,700.0,650.0,0.0,0.0,0.0,1.0,1.0,0.0,4.0,4.0,10.0,23.0,2.0,1.6,125.0,125.0,100.0,44.0,Pennsylvania,55.0,65.0,122.0,120.0
Ski Sawmill,Pennsylvania,Pennsylvania,2215.0,515.0,1700.0,0.0,0.0,0.0,0.0,0.0,1.0,1.0,3.0,5.0,14.0,1.0,0.1,15.0,13.0,90.0,50.0,Pennsylvania,30.0,44.0,90.0,15.0
Montage Mountain,Pennsylvania,Pennsylvania,1960.0,1000.0,960.0,0.0,0.0,0.0,0.0,1.0,3.0,1.0,2.0,7.0,26.0,1.0,1.2,140.0,140.0,60.0,35.0,Pennsylvania,67.0,64.1668100358423,90.0,140.0
Spring Mountain Ski Area,Pennsylvania,Pennsylvania,528.0,450.0,78.0,0.0,0.0,0.0,0.0,0.0,1.0,3.0,2.0,6.0,9.0,1.0,0.2,45.0,45.0,100.0,56.0,Pennsylvania,57.91695652173913,64.1668100358423,100.0,45.0
Tussey Mountain,Pennsylvania,Pennsylvania,1750.0,520.0,1230.0,0.0,0.0,0.0,0.0,1.0,0.0,1.0,3.0,5.0,8.0,1.0,0.3,38.0,30.0,100.0,39.0,Pennsylvania,40.0,45.0,100.0,30.0
Whitetail Resort,Pennsylvania,Pennsylvania,1800.0,935.0,865.0,0.0,0.0,0.0,1.0,3.0,0.0,2.0,2.0,8.0,23.0,2.0,1.0,120.0,120.0,116.0,28.0,Pennsylvania,69.0,71.0,100.0,120.0
Yawgoo Valley,Rhode Island,Rhode Island,315.0,245.0,70.0,0.0,0.0,0.0,0.0,0.0,0.0,2.0,2.0,4.0,13.0,1.0,0.2,30.0,30.0,100.0,54.0,Rhode Island,57.91695652173913,64.1668100358423,100.0,30.0
Deer Mountain Ski Resort,South Dakota,South Dakota,6850.0,940.0,6040.0,0.0,0.0,0.0,0.0,0.0,1.0,1.0,2.0,4.0,63.0,2.0,1.6,500.0,50.0,69.0,51.0,South Dakota,45.0,45.0,81.0,0.0
Terry Peak Ski Area,South Dakota,South Dakota,7100.0,1100.0,5900.0,0.0,0.0,0.0,3.0,0.0,1.0,0.0,1.0,5.0,30.0,1.0,1.2,450.0,225.0,114.0,65.0,South Dakota,58.0,58.0,120.0,0.0
Alta Ski Area,Salt Lake City,Utah,11068.0,2538.0,8530.0,0.0,0.0,0.0,3.0,0.0,1.0,2.0,0.0,6.0,116.0,0.0,1.3,2614.0,140.0,150.0,81.0,Salt Lake City,116.0,116.0,140.0,0.0
Beaver Mountain,Utah,Utah,8600.0,1600.0,7232.0,0.0,0.0,0.0,0.0,0.0,1.0,3.0,1.0,5.0,48.0,2.0,0.8,464.0,0.0,120.0,81.0,Utah,50.0,50.0,120.0,0.0
Brian Head Resort,Utah,Utah,10970.0,1548.0,9600.0,0.0,0.0,0.0,1.0,0.0,6.0,1.0,0.0,8.0,71.0,2.0,0.6,650.0,216.0,149.0,54.0,Utah,42.0,59.0,148.0,0.0
Brighton Resort,Salt Lake City,Utah,10500.0,1745.0,8755.0,0.0,0.0,0.0,3.0,1.0,1.0,0.0,2.0,7.0,66.0,4.0,1.2,1050.0,200.0,138.0,83.0,Salt Lake City,85.0,85.0,138.0,200.0
Deer Valley Resort,Salt Lake City,Utah,9570.0,3000.0,6570.0,1.0,0.0,0.0,13.0,0.0,5.0,2.0,0.0,21.0,103.0,0.0,2.8,2026.0,660.0,114.7324414715719,39.0,Salt Lake City,169.0,169.0,120.26086956521739,0.0
Eagle Point,Utah,Utah,10600.0,1500.0,9100.0,0.0,0.0,0.0,0.0,1.0,1.0,2.0,1.0,5.0,40.0,1.0,0.9,650.0,0.0,109.0,9.0,Utah,45.0,60.0,109.0,0.0
Park City,Salt Lake City,Utah,10000.0,3200.0,6800.0,4.0,0.0,6.0,10.0,4.0,7.0,4.0,6.0,41.0,341.0,8.0,3.5,7300.0,750.0,142.0,56.0,Salt Lake City,57.91695652173913,64.1668100358423,143.0,0.0
Powder Mountain,Utah,Utah,9422.0,2522.0,6900.0,0.0,0.0,0.0,1.0,4.0,1.0,0.0,3.0,9.0,167.0,2.0,3.5,8464.0,0.0,120.0,47.0,Utah,88.0,88.0,146.0,300.0
Snowbasin,Utah,Utah,9350.0,2900.0,6450.0,3.0,0.0,1.0,2.0,0.0,3.0,0.0,2.0,11.0,107.0,4.0,3.5,3000.0,625.0,143.0,79.0,Utah,115.0,115.0,138.0,0.0
Snowbird,Salt Lake City,Utah,11000.0,3240.0,7760.0,1.0,0.0,0.0,6.0,0.0,0.0,4.0,3.0,14.0,170.0,1.0,2.5,2500.0,0.0,188.0,48.0,Salt Lake City,125.0,125.0,180.0,2.0
Solitude Mountain Resort,Salt Lake City,Utah,10488.0,2494.0,7994.0,0.0,0.0,0.0,4.0,2.0,1.0,1.0,1.0,9.0,80.0,0.0,3.0,1200.0,150.0,161.0,62.0,Salt Lake City,109.0,119.0,148.0,0.0
Sundance,Utah,Utah,8250.0,2150.0,6100.0,0.0,0.0,0.0,0.0,2.0,2.0,0.0,1.0,5.0,45.0,1.0,0.6,450.0,112.0,128.0,50.0,Utah,80.0,80.0,129.0,0.0
Nordic Valley Resort,Utah,Utah,6400.0,960.0,5440.0,0.0,0.0,0.0,0.0,0.0,0.0,2.0,2.0,4.0,23.0,1.0,0.4,140.0,84.0,105.0,51.0,Utah,45.0,50.0,105.0,140.0
Bolton Valley,Vermont,Vermont,3150.0,1704.0,1446.0,0.0,0.0,0.0,0.0,2.0,0.0,3.0,1.0,6.0,71.0,3.0,0.6,300.0,90.0,133.0,53.0,Vermont,69.0,79.0,132.0,50.0
Bromley Mountain,Vermont,Vermont,3284.0,1334.0,1950.0,0.0,0.0,0.0,1.0,1.0,0.0,4.0,3.0,9.0,47.0,1.0,2.5,178.0,153.0,152.0,83.0,Vermont,87.0,91.0,152.0,0.0
Burke Mountain,Vermont,Vermont,3267.0,2011.0,1210.0,0.0,0.0,0.0,2.0,1.0,0.0,0.0,3.0,6.0,50.0,3.0,2.2,178.0,125.0,110.0,62.0,Vermont,73.0,73.0,125.0,0.0
Jay Peak,Vermont,Vermont,3968.0,2153.0,1815.0,1.0,0.0,0.0,1.0,3.0,1.0,1.0,2.0,9.0,79.0,2.0,3.0,385.0,300.0,155.0,64.0,Vermont,89.0,89.0,160.0,0.0
Killington Resort,Vermont,Vermont,4241.0,3050.0,1165.0,3.0,0.0,1.0,5.0,4.0,3.0,1.0,5.0,22.0,155.0,6.0,6.0,1515.0,600.0,192.0,61.0,Vermont,119.0,119.0,192.0,0.0
Mad River Glen,Vermont,Vermont,3637.0,2037.0,1600.0,0.0,0.0,0.0,0.0,0.0,2.0,2.0,1.0,5.0,52.0,0.0,1.0,115.0,16.0,134.0,71.0,Vermont,57.91695652173913,64.1668100358423,135.0,0.0
Magic Mountain,Vermont,Vermont,2850.0,1500.0,1350.0,0.0,0.0,0.0,0.0,0.0,0.0,3.0,3.0,6.0,50.0,1.0,1.6,205.0,95.0,76.0,59.0,Vermont,74.0,74.0,80.0,0.0
Mount Snow,Vermont,Vermont,3600.0,1700.0,1900.0,0.0,0.0,1.0,3.0,1.0,6.0,4.0,5.0,20.0,86.0,10.0,3.0,600.0,480.0,135.0,65.0,Vermont,57.91695652173913,64.1668100358423,135.0,0.0
Okemo Mountain Resort,Vermont,Vermont,3344.0,2200.0,1144.0,0.0,0.0,1.0,4.0,5.0,3.0,0.0,7.0,20.0,121.0,9.0,4.0,667.0,654.0,146.0,63.0,Vermont,57.91695652173913,64.1668100358423,152.0,0.0
Pico Mountain ,Vermont,Vermont,3967.0,1967.0,2000.0,0.0,0.0,0.0,2.0,0.0,2.0,2.0,1.0,7.0,59.0,1.0,4.0,260.0,156.0,114.7324414715719,82.0,Vermont,81.0,81.0,120.26086956521739,0.0
Smugglers' Notch Resort,Vermont,Vermont,3640.0,2610.0,1030.0,0.0,0.0,0.0,0.0,0.0,0.0,6.0,2.0,8.0,78.0,6.0,3.0,1000.0,192.0,136.0,63.0,Vermont,79.0,79.0,135.0,0.0
Stowe Mountain Resort,Vermont,Vermont,4395.0,2360.0,2035.0,2.0,0.0,0.0,0.0,4.0,2.0,2.0,2.0,12.0,116.0,0.0,3.7,485.0,388.0,155.0,86.0,Vermont,57.91695652173913,64.1668100358423,137.0,0.0
Stratton Mountain,Vermont,Vermont,3875.0,2003.0,1872.0,1.0,0.0,4.0,1.0,2.0,1.0,1.0,1.0,11.0,99.0,4.0,3.0,670.0,474.0,155.0,58.0,Vermont,57.91695652173913,64.1668100358423,160.0,0.0
Sugarbush,Vermont,Vermont,4083.0,2600.0,1483.0,0.0,0.0,0.0,5.0,5.0,2.0,1.0,3.0,16.0,111.0,4.0,3.0,581.0,406.0,150.0,61.0,Vermont,119.0,119.0,156.0,0.0
Suicide Six,Vermont,Vermont,1200.0,650.0,550.0,0.0,0.0,0.0,0.0,0.0,0.0,2.0,1.0,3.0,24.0,0.0,0.4,100.0,50.0,100.0,85.0,Vermont,45.0,75.0,106.0,0.0
Bryce Resort,Virginia,Virginia,1750.0,500.0,1250.0,0.0,0.0,0.0,0.0,1.0,0.0,1.0,5.0,7.0,8.0,0.0,0.4,25.0,25.0,100.0,54.0,Virginia,43.0,68.0,95.0,20.0
Massanutten,Virginia,Virginia,2925.0,1110.0,1750.0,0.0,0.0,0.0,0.0,3.0,1.0,0.0,3.0,7.0,13.0,2.0,0.8,70.0,70.0,68.0,46.0,Virginia,57.91695652173913,64.1668100358423,97.0,70.0
The Homestead Ski Area,Virginia,Virginia,3200.0,700.0,2500.0,0.0,0.0,0.0,0.0,0.0,0.0,1.0,1.0,2.0,10.0,0.0,1.0,45.0,100.0,91.0,60.0,Virginia,57.91695652173913,64.1668100358423,100.0,0.0
Wintergreen Resort,Virginia,Virginia,3515.0,1003.0,2512.0,0.0,0.0,2.0,0.0,1.0,1.0,1.0,0.0,5.0,27.0,2.0,1.0,129.0,129.0,107.0,44.0,Virginia,59.0,64.1668100358423,121.0,45.0
49 Degrees North,Washington,Washington,5774.0,1851.0,3932.0,0.0,0.0,0.0,0.0,1.0,0.0,5.0,1.0,7.0,89.0,1.0,2.0,2325.0,0.0,101.0,48.0,Washington,62.0,62.0,135.0,250.0
Alpental,Washington,Washington,5420.0,2280.0,3140.0,0.0,0.0,0.0,1.0,0.0,0.0,3.0,1.0,5.0,24.0,0.0,1.2,825.0,0.0,120.0,52.0,Washington,57.91695652173913,64.1668100358423,144.0,121.0
Bluewood,Washington,Washington,5670.0,1125.0,4545.0,0.0,0.0,0.0,0.0,0.0,2.0,0.0,1.0,3.0,24.0,2.0,2.0,355.0,0.0,70.0,40.0,Washington,42.0,47.0,110.0,0.0
Crystal Mountain,Washington,Washington,7012.0,3100.0,4400.0,1.0,0.0,2.0,2.0,1.0,2.0,2.0,0.0,10.0,57.0,1.0,2.5,2600.0,10.0,114.7324414715719,57.0,Washington,99.0,99.0,120.26086956521739,0.0
Mission Ridge,Washington,Washington,6820.0,2250.0,4570.0,0.0,0.0,0.0,1.0,0.0,0.0,3.0,2.0,6.0,34.0,3.0,0.8,2000.0,66.0,104.0,53.0,Washington,57.91695652173913,64.1668100358423,96.0,500.0
Mt. Baker,Washington,Washington,5000.0,1500.0,3500.0,0.0,0.0,0.0,0.0,8.0,0.0,0.0,2.0,10.0,38.0,0.0,0.7,1000.0,0.0,143.0,66.0,Washington,53.75,60.01,165.0,0.0
Mt. Spokane Ski and Snowboard Park,Washington,Washington,5889.0,2000.0,4200.0,0.0,0.0,0.0,0.0,0.0,1.0,5.0,1.0,7.0,52.0,3.0,0.6,1704.0,0.0,100.0,81.0,Washington,45.0,59.0,103.0,45.0
Stevens Pass Resort,Washington,Washington,5845.0,1800.0,4061.0,0.0,0.0,0.0,3.0,0.0,4.0,3.0,0.0,10.0,52.0,4.0,1.0,1125.0,0.0,116.0,82.0,Washington,57.91695652173913,64.1668100358423,145.0,450.0
The Summit at Snoqualmie,Washington,Washington,3865.0,1025.0,2840.0,0.0,0.0,0.0,3.0,3.0,4.0,10.0,7.0,27.0,112.0,5.0,0.8,1994.0,5.0,120.0,82.0,Washington,85.0,95.0,140.0,541.0
White Pass,Washington,Washington,6550.0,2050.0,4500.0,0.0,0.0,0.0,2.0,1.0,1.0,2.0,2.0,8.0,45.0,2.0,2.5,1402.0,30.0,148.0,67.0,Washington,69.0,69.0,144.0,90.0
Canaan Valley Resort,West Virginia,West Virginia,4280.0,850.0,3430.0,0.0,0.0,0.0,0.0,1.0,2.0,0.0,1.0,4.0,47.0,1.0,1.2,95.0,75.0,93.0,48.0,West Virginia,52.0,68.0,93.0,0.0
Snowshoe Mountain Resort,West Virginia,West Virginia,4848.0,1500.0,3348.0,0.0,0.0,0.0,3.0,2.0,6.0,0.0,3.0,14.0,60.0,5.0,1.5,257.0,257.0,125.0,46.0,West Virginia,70.0,87.0,138.0,86.0
Timberline Four Seasons,West Virginia,West Virginia,4265.0,1000.0,3268.0,0.0,0.0,0.0,0.0,0.0,2.0,1.0,1.0,4.0,40.0,1.0,2.0,100.0,100.0,97.0,37.0,West Virginia,72.0,92.0,115.0,27.0
Winterplace Ski Resort,West Virginia,West Virginia,3600.0,603.0,2997.0,0.0,0.0,0.0,0.0,2.0,3.0,2.0,2.0,9.0,27.0,2.0,1.2,90.0,90.0,120.0,36.0,West Virginia,56.0,72.0,120.0,74.0
Alpine Valley Resort,Wisconsin,Wisconsin,1040.0,388.0,820.0,0.0,0.0,0.0,3.0,0.0,3.0,1.0,5.0,12.0,21.0,3.0,0.2,90.0,90.0,100.0,55.0,Wisconsin,56.0,65.0,120.0,90.0
Bruce Mound,Wisconsin,Wisconsin,1375.0,375.0,1000.0,0.0,0.0,0.0,0.0,0.0,1.0,0.0,4.0,5.0,12.0,2.0,0.5,40.0,30.0,42.0,71.0,Wisconsin,33.0,25.0,42.0,30.0
Cascade Mountain,Wisconsin,Wisconsin,1280.0,460.0,820.0,0.0,0.0,0.0,2.0,2.0,3.0,2.0,3.0,12.0,47.0,4.0,1.1,175.0,175.0,120.0,57.0,Wisconsin,59.0,64.0,120.0,0.0
Christie Mountain,Wisconsin,Wisconsin,1650.0,350.0,1300.0,0.0,0.0,0.0,0.0,0.0,0.0,1.0,5.0,6.0,30.0,4.0,0.8,45.0,41.0,92.0,43.0,Wisconsin,28.0,38.0,120.0,35.0
Christmas Mountain,Wisconsin,Wisconsin,1250.0,250.0,1000.0,0.0,0.0,0.0,0.0,1.0,0.0,0.0,2.0,3.0,16.0,0.0,0.4,40.0,40.0,75.0,50.0,Wisconsin,57.91695652173913,64.1668100358423,70.0,40.0
Devils Head,Wisconsin,Wisconsin,995.0,500.0,495.0,0.0,0.0,0.0,0.0,3.0,1.0,6.0,2.0,12.0,27.0,1.0,1.0,260.0,260.0,110.0,48.0,Wisconsin,45.0,65.0,135.0,200.0
Grand Geneva,Wisconsin,Wisconsin,1086.0,211.0,875.0,0.0,0.0,0.0,0.0,0.0,0.0,3.0,3.0,6.0,20.0,1.0,0.2,30.0,30.0,90.0,25.0,Wisconsin,28.0,49.0,93.0,30.0
Granite Peak Ski Area,Wisconsin,Wisconsin,1942.0,700.0,1242.0,0.0,0.0,1.0,2.0,0.0,2.0,0.0,2.0,7.0,75.0,4.0,0.6,220.0,160.0,136.0,82.0,Wisconsin,92.0,92.0,135.0,200.0
Little Switzerland,Wisconsin,Wisconsin,1269.0,200.0,1069.0,0.0,0.0,0.0,0.0,0.0,0.0,4.0,4.0,8.0,18.0,3.0,1.0,50.0,50.0,114.7324414715719,,Wisconsin,33.0,41.0,120.26086956521739,50.0
Mount La Crosse,Wisconsin,Wisconsin,1110.0,516.0,594.0,0.0,0.0,0.0,0.0,0.0,0.0,3.0,1.0,4.0,19.0,1.0,0.4,100.0,100.0,115.0,60.0,Wisconsin,56.0,56.0,100.0,90.0
Nordic Mountain,Wisconsin,Wisconsin,1137.0,265.0,872.0,0.0,0.0,0.0,0.0,0.0,1.0,1.0,5.0,7.0,18.0,4.0,1.0,60.0,60.0,68.0,43.0,Wisconsin,57.91695652173913,47.0,90.0,60.0
Sunburst,Wisconsin,Wisconsin,1100.0,214.0,866.0,0.0,0.0,0.0,0.0,0.0,0.0,3.0,6.0,9.0,13.0,4.0,0.5,37.0,37.0,99.0,59.0,Wisconsin,33.0,44.0,115.0,37.0
Trollhaugen,Wisconsin,Wisconsin,1200.0,260.0,920.0,0.0,0.0,0.0,0.0,2.0,0.0,1.0,5.0,8.0,24.0,4.0,0.5,86.0,86.0,130.0,69.0,Wisconsin,54.0,54.0,120.0,86.0
Tyrol Basin,Wisconsin,Wisconsin,1160.0,300.0,860.0,0.0,0.0,0.0,0.0,0.0,3.0,0.0,2.0,5.0,18.0,5.0,0.5,32.0,32.0,112.0,61.0,Wisconsin,17.0,48.0,103.0,32.0
Whitecap Mountain,Wisconsin,Wisconsin,1750.0,400.0,1295.0,0.0,0.0,0.0,0.0,1.0,0.0,4.0,0.0,5.0,43.0,1.0,1.0,400.0,300.0,105.0,57.0,Wisconsin,60.0,60.0,118.0,0.0
Wilmot Mountain,Wisconsin,Wisconsin,1030.0,230.0,800.0,0.0,0.0,0.0,0.0,3.0,2.0,2.0,3.0,10.0,23.0,2.0,0.5,135.0,135.0,125.0,81.0,Wisconsin,56.0,66.0,139.0,135.0
Grand Targhee Resort,Wyoming,Wyoming,9920.0,2270.0,7851.0,0.0,0.0,0.0,2.0,2.0,0.0,0.0,1.0,5.0,95.0,1.0,2.7,2602.0,0.0,152.0,50.0,Wyoming,90.0,90.0,152.0,0.0
Hogadon Basin,Wyoming,Wyoming,8000.0,640.0,7400.0,0.0,0.0,0.0,0.0,0.0,0.0,1.0,1.0,2.0,28.0,1.0,0.6,92.0,32.0,121.0,61.0,Wyoming,48.0,48.0,95.0,0.0
Jackson Hole,Wyoming,Wyoming,10450.0,4139.0,6311.0,3.0,0.0,0.0,4.0,4.0,1.0,2.0,1.0,15.0,130.0,6.0,4.5,2500.0,195.0,130.0,54.0,Wyoming,57.91695652173913,64.1668100358423,133.0,0.0
Meadowlark Ski Lodge,Wyoming,Wyoming,9500.0,1000.0,8500.0,0.0,0.0,0.0,0.0,0.0,1.0,1.0,1.0,3.0,14.0,1.0,1.5,300.0,0.0,114.7324414715719,9.0,Wyoming,57.91695652173913,64.1668100358423,120.26086956521739,0.0
Sleeping Giant Ski Resort,Wyoming,Wyoming,7428.0,810.0,6619.0,0.0,0.0,0.0,0.0,0.0,1.0,1.0,1.0,3.0,48.0,1.0,1.0,184.0,18.0,61.0,81.0,Wyoming,42.0,42.0,77.0,0.0
Snow King Resort,Wyoming,Wyoming,7808.0,1571.0,6237.0,0.0,0.0,0.0,0.0,1.0,1.0,1.0,0.0,3.0,32.0,2.0,1.0,400.0,250.0,121.0,80.0,Wyoming,59.0,59.0,123.0,110.0
Snowy Range Ski & Recreation Area,Wyoming,Wyoming,9663.0,990.0,8798.0,0.0,0.0,0.0,0.0,0.0,1.0,3.0,1.0,5.0,33.0,2.0,0.7,75.0,30.0,131.0,59.0,Wyoming,49.0,49.0,131.0,0.0
White Pine Ski Area,Wyoming,Wyoming,9500.0,1100.0,8400.0,0.0,0.0,0.0,0.0,0.0,2.0,0.0,0.0,2.0,25.0,0.0,0.4,370.0,0.0,114.7324414715719,81.0,Wyoming,57.91695652173913,49.0,120.26086956521739,0.0
